time_per_page,scroll_speed,number_of_re_reads,backtracking_count,quiz_hesitation_time,quiz_attempts,quiz_accuracy,session_duration,cognitive_load
110.8,234.2,2,1,9.5,1,90,413,MEDIUM
231.6,37.2,5,3,43.1,3,45.3,1289,HIGH
37.2,386.8,0,0,6.9,1,98.5,162,LOW
272.5,46.4,3,3,36.9,2,11.9,1126,HIGH
71.6,257.5,1,1,7.4,1,87.7,536,LOW
68.8,328.8,0,1,8.7,1,89.6,399,LOW
159.8,70.2,3,2,35.5,3,56.6,1143,HIGH
56.4,439.8,0,0,5,1,94.3,359,LOW
300.4,92.4,3,6,28.6,2,53.9,1131,HIGH
237.9,60.6,7,2,22.7,4,44.6,747,HIGH
94.7,187,0,0,1.6,1,100,367,LOW
96.2,230.6,2,0,28.9,1,67.4,686,MEDIUM
280.6,105.6,6,2,40,2,58.8,1238,HIGH
96.5,444.6,0,1,5.8,1,97.2,100,LOW
66.8,435.5,0,0,7.3,1,98.5,581,LOW
70,168.5,1,2,17.7,2,74.2,807,MEDIUM
122.4,200.7,2,0,24.4,1,90,606,MEDIUM
363.3,28.5,8,2,41.7,3,56.9,1364,HIGH
312.8,74.7,8,3,38,4,22.9,500,HIGH
71.8,355.8,2,0,6.6,1,90,286,LOW
231.9,128.2,4,6,43.1,3,40.3,1586,HIGH
238.9,122.6,3,4,57.1,5,57,1259,HIGH
58.8,416.5,0,1,9.5,1,90.7,150,LOW
60.6,418,0,0,10.4,1,86,479,LOW
278,145.9,3,2,44.4,6,39.1,1202,HIGH
58.2,338.5,0,0,10.3,1,90.1,214,MEDIUM
140.1,213.1,3,2,30.7,1,59,775,MEDIUM
72.1,418.1,0,0,7.7,1,97.8,471,LOW
264,64.4,7,4,38,2,31.7,1671,MEDIUM
291.7,118.2,6,4,21.6,5,60.3,915,HIGH
155.6,334.8,3,2,15.6,1,90,742,MEDIUM
191.9,197.3,2,3,24.5,2,75.2,552,MEDIUM
246.6,119.4,3,2,48.6,3,14.9,1618,HIGH
296.9,92.9,6,4,30.5,4,47.1,1969,HIGH
166.4,64.8,3,2,54.3,3,13.6,1520,HIGH
143.9,62.8,6,5,41.7,2,58.1,1395,MEDIUM
30,371.2,0,1,5.5,1,81.9,233,LOW
89.5,384.8,0,0,5.5,1,95.3,100,LOW
163.3,247,3,2,23.7,2,58.6,592,MEDIUM
289.4,126.3,3,3,18.8,4,36.6,1136,HIGH
238.2,76,6,3,39.3,2,54.8,1345,HIGH
314.9,165.6,3,3,25.3,5,34,1230,HIGH
127.6,196.4,2,2,15.1,1,70.4,540,MEDIUM
65.2,484.3,2,0,1.5,1,84.6,369,LOW
68,280.9,0,0,9,1,100,556,LOW
87.5,409.7,0,0,10.4,1,100,712,LOW
192.8,162.8,2,1,7.9,1,88.5,834,MEDIUM
78.5,274.3,1,2,13.1,2,82,971,MEDIUM
133.2,279.7,2,1,13.3,1,79,749,MEDIUM
91.6,274.3,3,2,27.7,1,87.3,628,MEDIUM
311.7,90.7,4,4,47.5,3,60.6,1420,HIGH
232.4,124.3,5,4,43.8,4,54.2,500,HIGH
138.9,230.3,3,2,19.2,1,76,395,MEDIUM
92.1,452.3,0,0,6.7,1,96.1,437,LOW
259.7,89.3,6,3,52.7,2,44.6,1561,HIGH
135.2,196.5,2,2,10.9,2,71.4,702,MEDIUM
131.6,182.2,3,2,15.5,1,45,757,MEDIUM
84.2,309,1,0,6.4,1,92.2,333,LOW
154.1,263.2,3,3,21.7,2,59.7,752,MEDIUM
355.5,125,5,5,18,3,41,634,HIGH
88,206.9,4,2,8.4,1,64.4,800,MEDIUM
382.4,106.7,9,6,40.3,3,51.3,1365,HIGH
276.5,99,5,5,23.4,2,44.1,1115,HIGH
57.9,321.2,0,0,5.1,1,84.8,799,LOW
73.5,287.7,1,0,4.8,1,100,576,LOW
164.3,246.4,2,1,18.7,1,63.8,1044,MEDIUM
138.1,290.8,1,1,20.4,1,70.2,738,MEDIUM
25.2,287.8,1,0,1.6,1,87.4,516,LOW
212.2,103.5,4,5,28.3,2,67.4,988,HIGH
268.2,84.7,8,5,54.1,3,29.1,1077,HIGH
91,188,1,1,17.3,2,86.7,472,MEDIUM
88.6,334,0,1,8,1,85,604,LOW
296.8,107.5,4,2,56.5,2,35.6,563,MEDIUM
124.7,219.5,1,2,7,1,71.3,492,MEDIUM
49.4,410.5,0,0,8.2,1,86.4,254,LOW
218.3,82.3,4,4,39.3,3,40.8,1340,HIGH
221.1,100.8,3,2,47.4,2,29.6,1702,MEDIUM
115.1,125.8,3,3,13.1,1,71.9,783,MEDIUM
221,102.1,5,3,31.9,2,45.1,911,HIGH
91.9,185.6,3,0,21.6,2,72.1,679,MEDIUM
214.8,118.4,9,2,47.9,3,44.2,922,HIGH
337.8,73.6,3,4,37.1,2,68,1244,HIGH
268.8,95.3,3,4,33.1,4,41.4,1083,HIGH
68.6,369.2,0,0,13.4,1,100,100,LOW
158.4,263.9,1,0,11.4,4,49.3,369,MEDIUM
126.2,221.6,1,1,14,2,72.3,701,MEDIUM
119.8,232.4,2,1,21,3,83.2,951,MEDIUM
109.5,214.3,1,1,9.3,2,51.2,443,MEDIUM
252.8,121.5,5,6,24.6,3,42.8,1453,HIGH
204.1,93.1,5,4,33.8,2,14.3,2073,HIGH
48.3,301.3,2,0,11.1,1,75.5,659,LOW
286.4,120.6,6,7,38.3,5,30.8,1301,HIGH
112.7,219.6,2,2,18.3,1,85,1006,MEDIUM
75.8,469.5,0,1,1.5,1,97.8,432,LOW
244.3,147.1,5,3,32,4,53,912,HIGH
342.9,59.4,4,2,50.1,5,42.3,500,HIGH
48.1,470.6,1,0,8.3,1,95,423,LOW
318.7,95.9,3,3,34.9,5,62.3,1710,HIGH
66,372.2,0,1,2.2,1,100,268,LOW
165.8,146.5,4,3,22.6,1,70.6,1009,MEDIUM
414.1,70.9,3,4,35.8,3,52.4,1411,HIGH
313.8,115.5,3,6,37.3,2,43.6,1469,HIGH
52.3,353.6,2,0,10.8,1,93.6,188,LOW
207.4,322.8,3,1,25.8,1,59.5,1024,MEDIUM
100.4,165.4,3,3,24.9,1,70.3,982,MEDIUM
86.7,400.9,1,1,6,1,100,333,LOW
270,140.9,8,4,47,2,31,1331,HIGH
49.1,369,0,1,2.6,1,84.4,298,LOW
187.4,85.2,6,4,29.5,2,68,893,HIGH
155,248.4,3,1,16.2,1,64.1,315,MEDIUM
56,466.7,1,0,7.6,1,81.6,329,LOW
220.5,134.9,6,5,39.7,3,66.1,1886,HIGH
326.8,34.1,7,4,59.9,4,25.8,1192,MEDIUM
259.7,110.1,8,2,37.7,2,64.9,1070,HIGH
121.6,256.5,1,3,8.3,1,87.3,1037,MEDIUM
68.1,362.6,1,0,6.3,1,83.9,457,LOW
110.5,204.7,3,0,8.8,1,90,569,MEDIUM
320.4,81.1,4,3,51.2,4,32.7,1844,HIGH
55.8,328.9,0,0,5.8,1,100,460,LOW
54.6,468.4,1,0,4.2,1,100,100,LOW
309.2,101.8,5,2,36.1,2,38.5,1355,HIGH
27,334,0,1,4.1,1,80.2,355,LOW
71.6,341.9,1,1,10.5,1,97.9,527,LOW
108,178.7,1,1,20.9,1,66.2,775,MEDIUM
115.9,274.1,3,1,29.2,2,74.7,649,MEDIUM
121.6,189.5,3,0,22.9,2,78.1,601,MEDIUM
60.6,374.7,1,0,5.3,1,88.6,301,LOW
173.2,235.1,1,2,18.3,1,68.7,377,MEDIUM
274.6,103.8,3,4,42.2,6,28.8,1125,HIGH
154.8,267.3,3,0,10.7,2,67.3,339,MEDIUM
142.9,175.4,1,1,17.4,2,81,689,MEDIUM
70.5,389.6,1,0,4.9,1,88.9,456,MEDIUM
243.3,105.4,3,3,21.9,2,39.9,1354,HIGH
54.7,457.5,0,0,8.7,1,95,416,LOW
212.4,107.2,5,2,37.1,4,44.5,702,HIGH
76.8,360.6,0,0,3.6,1,90.3,452,LOW
147.1,150.4,2,2,10.3,1,64.3,777,MEDIUM
80.2,514.7,1,0,1.5,1,90.9,457,LOW
299.8,46.8,6,3,46,3,32.3,1765,HIGH
112,153.6,4,3,20.9,1,73.9,711,MEDIUM
54.9,402.1,1,0,7.5,1,87.5,429,LOW
135.2,213,1,0,26.1,3,65.6,857,MEDIUM
79.4,145.1,3,0,20.1,1,69.9,983,MEDIUM
236.3,90.5,5,4,46.8,3,46.4,500,HIGH
139.3,202.6,1,1,12.2,2,60.6,1096,MEDIUM
39.2,479.7,0,0,8.9,1,100,310,LOW
210.5,143.9,1,1,16.8,1,56.9,683,MEDIUM
242.3,94.6,3,4,35.6,2,44.8,844,HIGH
60.6,498.9,0,0,1.5,1,95.9,275,LOW
117.4,221.7,3,1,15.8,2,64.2,913,MEDIUM
59.9,400.1,0,0,12.7,1,82.9,619,LOW
39.2,274.5,0,0,3.8,1,90.7,415,LOW
193,133.6,5,2,20,1,71.8,573,MEDIUM
50.4,351.2,0,0,10.7,1,97.5,544,LOW
114.1,226.9,1,0,27.7,1,57.2,801,MEDIUM
102.4,406.5,1,0,11.8,1,91,411,LOW
305.7,87.7,5,4,41.6,2,68,1044,HIGH
219.9,97.4,5,4,30.7,3,23.9,1092,HIGH
120.3,216.7,3,2,17,3,70.4,668,MEDIUM
358.3,70.5,8,3,34.5,3,59.3,796,HIGH
201.8,134.3,3,5,37.6,4,47.5,1168,HIGH
91.7,165.3,3,1,14.1,1,76.1,511,MEDIUM
356.2,88.7,5,3,48.8,2,31.4,1725,HIGH
156.7,250.5,3,3,26.7,1,64.5,272,MEDIUM
208.2,224.2,1,0,15.2,1,79.5,886,MEDIUM
66.4,310.6,0,0,7,1,86.1,490,LOW
173.1,208.8,2,2,18.4,1,72.8,978,MEDIUM
273.3,107.8,4,4,37.7,2,52.6,1010,HIGH
84.3,321,0,0,7.7,1,100,100,LOW
136,168.9,2,3,14.8,1,79.4,755,MEDIUM
206,93.4,4,2,22.8,3,53.8,643,HIGH
123.9,192.5,2,2,21.8,2,62.4,644,MEDIUM
308.1,74.1,4,4,38.3,3,66.9,728,HIGH
82.9,311.5,1,0,4.5,1,90.3,395,LOW
68.1,398.2,1,0,11.3,1,97.2,240,LOW
193.4,188.6,5,1,27.6,1,83.3,902,MEDIUM
71.6,244.5,0,0,8.1,1,100,456,LOW
52.2,263.4,0,0,2.4,1,97.6,494,LOW
93.6,421.2,1,0,4.7,1,100,411,LOW
45.5,353.4,0,0,8.6,1,95.4,518,LOW
39.3,349,1,0,4,1,81.9,323,LOW
92.2,144.8,1,1,19.8,1,67,470,MEDIUM
234.7,66.2,5,3,29.4,3,18.1,770,HIGH
82.9,318.9,0,0,4.6,1,88,488,LOW
70.9,512,1,0,9,1,100,358,LOW
326.1,124.7,3,4,36.7,2,57.1,1450,HIGH
75.3,406.2,0,0,10.5,1,95.8,465,LOW
188.4,213.3,1,4,26.3,3,75.8,250,MEDIUM
248.2,100,6,5,37.9,4,61,1182,HIGH
59.4,432.6,1,0,3.3,1,92.4,417,LOW
238.4,55.2,4,7,48,2,52.5,785,HIGH
300,134.2,5,4,31.6,3,11.4,1178,HIGH
158.2,122.6,5,4,55.4,4,51.8,1106,MEDIUM
115.3,279.2,1,2,20.2,2,71.5,818,LOW
53.1,412.2,0,0,11.3,1,93.5,558,MEDIUM
61.5,418.5,1,0,4.5,1,93.6,419,LOW
152.4,256.6,1,2,26,1,82.9,941,MEDIUM
60.4,483,1,0,11.1,1,95.5,348,LOW
86.4,403.5,0,0,6.2,1,81.8,582,LOW
82.1,315.1,1,0,2.1,1,93.1,540,LOW
166.9,199,2,0,30.7,2,80.9,1036,MEDIUM
175,297.7,2,4,22.7,2,72.7,611,MEDIUM
263.8,42.7,5,3,46.1,2,43.9,1407,HIGH
233.1,115.9,4,5,44.7,2,54.2,1468,HIGH
111.9,200.8,1,2,20.3,2,78.2,729,MEDIUM
145.7,247.8,1,1,34.3,2,85.1,1194,MEDIUM
57.5,486.3,1,0,7.4,1,96.1,385,LOW
82.8,448.5,0,1,8.5,1,86.6,163,LOW
292,60.5,3,7,45.7,2,50.3,958,HIGH
252.7,102.6,3,3,37.5,3,50.7,1619,HIGH
187,135.2,5,5,27.1,3,47.9,1707,HIGH
59.3,458.7,1,0,3.6,1,100,525,LOW
164.7,99.3,3,3,46.1,2,44.7,1278,HIGH
197.8,42.4,3,6,50.1,3,48.1,956,HIGH
68.1,340.1,1,0,3.6,1,92.8,393,LOW
54.9,349.3,1,0,7.6,1,94.4,568,LOW
70.9,433.1,1,0,12,1,94,222,LOW
179.8,100,1,2,14.5,2,64.1,756,MEDIUM
303.3,56.6,4,3,43.6,5,16,1787,HIGH
45.9,340.9,2,1,6.9,1,97,672,LOW
328.6,89.2,5,3,37,3,33.9,500,HIGH
62.8,425.8,0,0,7.9,1,100,396,LOW
98.3,223.8,1,1,12.6,1,59.5,820,MEDIUM
72.3,390.1,0,0,7.5,1,88.8,548,MEDIUM
57.4,333,0,0,4,1,88.9,357,LOW
215.1,78.2,4,4,43.6,2,36.8,1543,HIGH
230.2,101,7,4,51.7,2,68,742,HIGH
71.2,343.5,0,0,9.4,1,95.4,596,LOW
195.1,273.8,1,1,18.6,2,70,847,MEDIUM
351.4,118.7,3,4,33.1,2,52.1,513,HIGH
330.4,96.7,8,2,50.9,5,18.6,1021,HIGH
77.4,282.8,0,0,5.9,1,75,375,LOW
72,512.2,1,0,4.6,1,90,271,LOW
45.5,334.9,0,0,3.6,1,93.8,431,LOW
315,104.9,6,3,35.9,2,39.7,1520,HIGH
332.6,109.1,4,3,48.5,4,21.3,1271,HIGH
257.2,59.4,6,4,40.6,3,35.6,1260,HIGH
356.5,72.5,5,3,48.7,4,47.4,1004,HIGH
250.7,90.5,6,2,38.7,3,65.6,884,HIGH
35.9,259.1,3,0,4.8,1,82.5,455,LOW
41.8,364.4,2,1,5.1,1,98.8,263,LOW
193.3,225.9,2,3,21.2,1,68,636,LOW
44,534.8,2,0,4.7,1,94.4,401,LOW
112.9,339.1,2,0,3.9,1,91.2,484,LOW
248.2,104.2,6,3,34.1,2,57.6,992,HIGH
167.3,187.1,2,2,7,1,66.1,1109,MEDIUM
99,169.6,3,0,14.7,2,76.6,784,MEDIUM
146.5,75,8,3,39,4,50.8,1114,HIGH
200,100,3,1,14.6,1,90,748,MEDIUM
184.3,175.1,1,1,10.6,2,75.8,757,MEDIUM
118.7,195.4,5,2,27.2,2,59.4,1333,MEDIUM
96,415.3,0,0,13.4,1,77.4,383,LOW
310.8,25,5,6,39.7,2,68,636,HIGH
89.3,225.6,2,0,5.3,1,100,547,LOW
72.8,392.1,1,1,6.3,1,86.4,100,LOW
68.2,362.8,1,0,2,1,94.3,320,LOW
272.3,123.1,5,2,42.3,3,21.4,1319,HIGH
214.5,65,3,6,60.4,2,49.4,1030,HIGH
241.4,116.2,3,2,39.6,3,40.4,852,HIGH
83.5,338.3,0,0,6.9,1,95,489,LOW
248.4,73.3,5,3,26.3,3,15,1504,HIGH
82.2,395.4,1,1,3.3,1,100,372,LOW
194.7,80,6,5,62.5,4,68,819,HIGH
244.4,25,3,4,39.1,3,44.9,1065,HIGH
53.6,432.6,0,0,3.3,1,89.1,278,LOW
191.7,185.9,3,0,11.4,2,84.9,352,MEDIUM
140.8,261.1,4,1,25.2,1,73.9,593,MEDIUM
93,339,0,1,11.7,1,83.3,218,LOW
144,67.2,7,3,20.7,3,45.5,1317,HIGH
75.5,264.1,1,2,13.3,1,70.6,545,MEDIUM
53.2,409.9,0,0,9.1,1,97.1,335,LOW
232,59,10,4,35.1,2,58.7,1334,HIGH
50.3,431.6,1,0,4.9,1,93.4,438,LOW
163.8,228,2,0,11.7,2,66.1,622,MEDIUM
81.5,317,1,2,13,1,74.8,859,MEDIUM
57.9,428.9,1,0,5.3,1,86.6,379,LOW
194.2,212.8,3,1,17.8,2,60,737,MEDIUM
329.4,117.8,4,5,34.8,2,31.1,1362,HIGH
159.3,83.6,5,3,30.9,2,48.8,1004,HIGH
204.4,286.8,3,1,11.3,2,76.4,634,MEDIUM
310.4,118.3,9,2,29.1,2,57,1408,HIGH
76.2,416.1,0,1,4.8,1,94.5,404,LOW
160.8,121.9,2,3,16.7,2,80.1,805,MEDIUM
126.1,191.4,3,2,8.7,2,49.3,578,MEDIUM
76.2,342.1,0,1,2.4,1,100,458,MEDIUM
21.8,289.7,1,0,1.5,1,96.1,289,LOW
46,429.9,0,0,8.5,1,85.1,248,LOW
144.1,168.3,3,0,14.4,2,62.3,677,MEDIUM
58.3,289.4,0,1,13.9,1,88.2,281,LOW
312.2,77.7,6,4,39.9,4,42.2,1364,HIGH
232.8,127.9,6,4,34.4,3,35.5,1570,HIGH
156.2,291.8,1,2,17.6,1,70.7,617,MEDIUM
49.9,309.8,0,0,10.3,1,81.8,602,LOW
288.4,63.6,4,8,51.9,3,42.1,1573,HIGH
148.8,184.1,1,1,22.2,1,83.3,597,MEDIUM
51.3,389,0,2,8.5,1,99.1,317,LOW
61.6,371.1,0,0,4.1,1,100,550,LOW
46.9,346.4,0,0,5.1,1,85.1,579,LOW
20,362.4,1,0,7.7,1,91.4,503,LOW
142,112.9,2,0,14.5,2,63.2,635,MEDIUM
267.5,74.1,4,4,44.1,2,51.6,2255,HIGH
175.7,162.1,2,0,27.3,2,66.9,924,MEDIUM
63.2,301.1,0,0,2.2,1,75,333,LOW
149.5,122.3,1,2,18,1,69.9,570,LOW
101.6,423,0,0,6.5,1,93.2,251,LOW
132.7,255.4,2,1,11.7,1,61.6,851,MEDIUM
155,211.3,1,2,14.6,1,76.6,909,MEDIUM
50.4,435.6,0,1,1.5,1,88.8,540,LOW
230.3,70.5,5,4,65.3,2,40.2,819,HIGH
48,483.4,1,1,7.7,1,94.6,232,LOW
66.5,355.6,2,1,6,1,87.6,261,LOW
227.6,77.8,5,3,26.5,3,29.6,1066,HIGH
283.2,97.9,3,2,47.7,4,36.7,2427,HIGH
32.5,336.8,0,0,7.2,1,98.8,634,LOW
135.7,247,1,3,19.6,3,78.3,679,MEDIUM
353.3,122.1,3,4,27.9,3,45.8,734,HIGH
127.9,236.8,3,3,15,2,57.1,799,MEDIUM
245.3,70.7,3,7,50.4,4,47.1,500,HIGH
343.3,94.8,9,2,25,2,38.7,991,HIGH
116.9,187.4,2,0,18.7,1,67.6,947,MEDIUM
169.7,256.1,1,2,24.1,1,85.2,969,MEDIUM
183.2,81.8,6,5,49,3,35.7,1490,HIGH
290.1,83.9,7,5,23.4,2,37,1376,HIGH
361.9,90.4,3,3,27.2,3,55.4,1476,HIGH
99.3,198.7,2,2,19,2,90,368,MEDIUM
92.8,364.4,0,1,5.4,1,98.2,298,LOW
162.3,313.1,2,1,28.7,2,62.5,514,MEDIUM
195.3,110.4,7,5,44.5,5,38.9,714,HIGH
82.7,487.7,0,0,7.4,1,96.5,587,LOW
70.1,175,2,1,11.7,1,57.4,529,MEDIUM
270.3,145.3,6,5,46.6,2,31.8,831,HIGH
91.1,287.6,1,0,1.5,1,79.6,210,MEDIUM
263.6,118,3,7,32.9,4,53.4,885,HIGH
205.5,141.2,6,5,37.1,3,67.2,1441,HIGH
125.9,100,3,2,17.1,2,63.8,893,MEDIUM
308.9,54,4,2,67.5,2,31.9,1670,HIGH
260.4,118.8,6,4,33.7,2,68,1241,HIGH
146,231.7,4,3,16.5,1,71.6,718,MEDIUM
280.2,47.8,3,2,37.3,3,58.1,999,HIGH
66.3,367.3,1,0,6,1,78.4,475,LOW
167.5,34.3,6,2,18,3,55.4,1287,HIGH
233.2,51.1,5,3,43.5,2,46.9,1190,HIGH
307.9,130.7,3,3,45.4,2,46.2,1167,HIGH
129.6,219.7,2,1,35,2,73.1,667,MEDIUM
77.2,305.6,1,0,4.4,1,86,556,LOW
260.1,87.4,6,6,35.1,2,41.8,1010,HIGH
123.3,226.4,3,2,7,2,52.6,1054,MEDIUM
61.1,404.8,1,2,3.9,1,77.4,184,LOW
67.2,440.4,2,0,5,1,84.4,516,LOW
65.7,345.8,0,0,4.8,1,100,464,LOW
76.9,363.5,1,0,3.9,1,76.5,100,LOW
60.8,284.1,1,1,6.6,1,80.3,111,MEDIUM
131.6,176.7,3,1,15.1,1,78.7,685,MEDIUM
140.3,184.6,2,2,26.7,1,53.3,999,MEDIUM
74.9,473.7,1,1,5.9,1,89.3,440,LOW
168.6,192,1,1,19.3,1,78.9,634,MEDIUM
54.8,389,0,0,8.2,1,88.5,697,LOW
79.9,532.2,0,1,6.6,1,98.2,422,LOW
35.3,287.1,0,1,8.4,1,87,229,LOW
266.9,115.5,3,4,28,4,49.3,1828,HIGH
290.6,122,7,4,33.4,4,28.5,1194,HIGH
62.3,323,1,0,6.7,1,87.3,286,LOW
158.8,271.7,3,1,22.7,2,68.8,556,MEDIUM
105.2,459.1,1,0,8.2,1,100,337,LOW
144.8,75.6,6,2,31.1,3,59.5,691,HIGH
183.2,105.3,4,0,20.5,1,83.3,1030,MEDIUM
182.4,250.4,3,0,16.6,1,81.3,430,MEDIUM
312.8,90.7,4,3,48.5,4,53.6,1110,HIGH
376.6,85.4,5,4,19.6,3,31.5,1810,HIGH
148.3,101.2,1,1,15.7,1,87.4,724,MEDIUM
70,222.6,1,2,16.3,1,78,952,MEDIUM
140.5,207,1,3,13,1,84.9,879,MEDIUM
105.9,213.9,2,4,10.3,2,71.2,778,MEDIUM
74.9,353,0,0,4.9,1,86.8,194,LOW
170.3,180.5,2,2,10.6,2,71.6,825,MEDIUM
89,372.8,0,0,7.5,1,85.1,100,LOW
206.9,152.7,4,4,34.8,2,35.5,1385,HIGH
107.1,279.3,1,1,12.6,1,66.8,417,MEDIUM
144.5,259.8,1,1,18,1,70.2,540,MEDIUM
154.5,92.1,7,3,33.8,4,42.5,957,HIGH
110,288.2,3,1,13.9,2,63,873,MEDIUM
227.3,285.7,1,2,18,1,90,807,MEDIUM
112.9,201.8,2,2,15.8,1,52.5,693,MEDIUM
69,382.3,0,0,8,1,92.1,446,LOW
77.9,372.8,1,0,2.9,1,83,409,MEDIUM
118,249.4,1,0,6.6,1,86.9,346,LOW
66.8,322.1,0,0,4.5,1,92.8,344,MEDIUM
77,415.9,0,0,8.6,1,92.3,382,LOW
146.9,100,1,1,7,1,74.1,874,MEDIUM
166.1,244.8,2,2,15.3,2,68,782,MEDIUM
278.4,97.6,7,2,18,2,28.1,1568,HIGH
265.3,124.3,6,2,40.5,2,43.1,1693,HIGH
231.9,105.1,3,3,53.2,3,37.2,902,HIGH
344.8,75.9,4,5,41.3,4,41.3,1277,HIGH
274.2,63.4,7,3,24.7,3,11.6,1499,HIGH
113.1,145.6,1,2,12.1,2,65.7,572,MEDIUM
349.7,60.2,7,2,31.2,2,18.7,1269,HIGH
50.4,372.1,1,0,8.4,1,90.3,512,LOW
58,335.2,1,0,5,1,81.5,391,LOW
90.5,245.5,0,0,4.1,1,92.8,359,LOW
268.4,59.9,5,4,32.6,3,27,1787,HIGH
210.4,91.8,5,6,35.9,4,39.4,1136,HIGH
251.6,46.1,3,6,40.6,3,49.9,1171,HIGH
194.5,222.8,3,2,25.3,2,77.3,584,MEDIUM
261.8,108.8,5,5,39.5,2,55.4,1289,HIGH
198.1,222.5,3,2,7.8,1,63.8,773,MEDIUM
137.8,186.5,2,3,8.7,1,55.5,1015,MEDIUM
448.7,95.7,8,2,42,2,24.6,928,HIGH
243.2,114.7,6,3,42.1,3,41.1,500,HIGH
140,74,6,2,32.6,2,35,1629,MEDIUM
156.9,91.5,8,2,48,2,49,1960,HIGH
44,428.3,0,1,1.5,1,85.2,399,LOW
181.1,250.6,1,0,19,2,86.4,923,MEDIUM
69.6,355,1,0,5.3,1,91.6,339,LOW
31.2,422.2,1,1,4.6,1,86.8,630,LOW
125.2,208.7,2,2,24.1,2,66.7,763,MEDIUM
156.4,238.8,3,3,13.2,1,90,963,MEDIUM
159.8,173.8,1,3,28.6,2,84.6,638,MEDIUM
30.6,306.2,1,1,4.9,1,89.9,566,LOW
207.2,131.6,5,3,36.4,3,32.9,1054,HIGH
250.2,180,5,5,18,2,51.1,1522,HIGH
191.7,120.3,5,6,31.6,2,45.5,1247,HIGH
121.6,229.7,3,2,22.2,2,86.9,996,MEDIUM
84.5,397.1,1,0,4.8,1,97.4,275,LOW
83.6,417.2,1,0,7.2,1,92,244,LOW
343,85.5,5,5,28.2,2,32.5,2084,HIGH
42.5,449.1,1,0,3.8,1,92.1,504,LOW
189.6,132,5,4,28.6,3,43.3,1512,HIGH
76.9,399.9,1,0,7.5,1,89.8,279,LOW
61.2,354,0,0,9.3,1,100,132,LOW
142.2,238.4,2,2,32,1,75.3,536,MEDIUM
70.9,369.6,0,1,6.1,1,92,318,LOW
144.4,188.4,1,0,17.6,1,66.8,919,MEDIUM
145.4,100,1,1,7,1,55.9,656,MEDIUM
183.1,195.7,1,1,20,1,54,870,MEDIUM
151.9,194.9,3,2,16.8,2,83.6,294,MEDIUM
253.5,65.5,6,5,26.6,2,32.6,1029,HIGH
95.7,357,0,0,4.5,1,91.5,571,LOW
252,58.9,6,2,23.6,2,42.1,1728,HIGH
308.6,83.9,4,3,29,3,43.5,1161,HIGH
63.9,308,1,0,5.1,1,81.3,477,LOW
329.7,41.4,3,4,41.4,3,21.9,936,HIGH
103.9,115.7,2,2,10.7,1,81.9,707,MEDIUM
230.6,108.3,3,2,42.2,2,45.6,1604,HIGH
308.4,109.9,8,2,28.7,3,26.2,1047,HIGH
90.8,336.1,0,0,5.7,1,96.1,247,LOW
339.3,109.4,5,2,33.2,3,43.4,1474,HIGH
284.7,114,3,3,47.3,3,59.9,1147,HIGH
274,131.8,6,4,27.5,2,27.5,1051,HIGH
83.9,147.9,2,1,22.2,3,60.2,875,MEDIUM
144.4,293.9,2,2,18.3,3,73.9,565,MEDIUM
213.7,67.7,5,2,18,3,54.8,1163,HIGH
292.5,81.1,4,2,55.9,2,33.9,1492,HIGH
113.4,228,2,0,19,2,79.3,742,MEDIUM
228.4,111.1,3,3,45.3,3,19.6,1078,HIGH
110.5,192.7,2,1,21.4,1,75.4,733,MEDIUM
71.1,386.9,0,0,4.2,1,95.2,497,MEDIUM
158.9,254.4,2,1,24.7,1,58.6,587,MEDIUM
107.3,206.1,1,4,13.4,1,76.2,853,MEDIUM
190.6,278.3,1,1,26.4,1,71.8,730,MEDIUM
162.1,270.4,4,2,15.7,1,66.5,250,MEDIUM
242.1,88.8,3,2,18.9,2,48.7,937,HIGH
77.5,402.6,1,0,7.8,1,100,290,LOW
56.3,363.3,0,0,6,1,100,601,LOW
136.3,204.7,1,0,14.3,1,55,827,MEDIUM
283.1,132.2,6,2,29.7,4,26.6,1345,HIGH
87.2,390.5,1,0,7.1,1,98.1,100,LOW
86,379.1,0,0,4.2,1,92.2,171,LOW
262.5,128.2,3,3,35.9,3,42.4,1444,HIGH
74.8,228.8,4,0,17.1,1,87.8,487,MEDIUM
62.3,387.1,1,0,2.3,1,86.8,577,LOW
62,336.2,1,0,4.4,1,90,445,LOW
87.7,136.9,2,1,17.9,1,79.3,832,MEDIUM
79.5,386.1,1,0,8.1,1,89.2,425,LOW
42.6,253.3,0,0,1.5,1,79.4,176,LOW
272.6,140.3,6,2,42.9,3,56.9,916,HIGH
287,112.5,6,2,44.4,3,44.5,1561,HIGH
138.6,302.4,3,2,23,2,64.6,377,MEDIUM
126.5,182.8,5,2,13.6,1,60.8,1025,MEDIUM
351.4,61.5,8,8,58.1,2,55.2,1269,HIGH
141,182.5,1,1,25.5,1,79,714,MEDIUM
92.5,327.3,0,1,4.1,1,96.7,199,LOW
143.4,170.3,3,0,20.1,1,45.3,309,MEDIUM
54,404.8,0,0,7.9,1,90.6,314,LOW
175.5,276.9,4,1,15.6,1,77.7,830,MEDIUM
104,254.8,2,0,28.5,1,72.8,712,MEDIUM
207,103,3,6,48.4,2,55.8,1035,HIGH
231.5,136.6,6,4,23.9,3,20.3,1802,HIGH
298.7,82.9,4,5,26.6,3,54.3,1082,MEDIUM
136.3,183.4,3,0,24,1,85.2,841,MEDIUM
63.3,408.9,0,0,4.4,1,100,100,LOW
170.2,224.1,4,1,24.7,1,78.8,528,MEDIUM
143.8,215.5,2,2,13.8,1,55,723,MEDIUM
65.9,312.3,1,1,9.9,1,82.5,324,LOW
252,98.8,3,2,18,3,36.5,1489,HIGH
108.1,216.6,1,2,17.1,2,90,1075,MEDIUM
186.4,142.1,2,2,26.6,3,52,1018,MEDIUM
111.4,150,1,0,19.7,2,65.8,1200,MEDIUM
288.4,100.4,6,3,34.2,3,37.2,1906,HIGH
255.7,25,7,4,23.6,2,54.3,1344,MEDIUM
134.2,297.2,1,1,18.8,3,87.5,731,MEDIUM
90.1,380,0,0,6,1,100,533,LOW
390.9,88.2,5,2,28.9,3,36.7,1761,HIGH
260.2,103.1,8,2,48.8,2,45.8,500,HIGH
106.7,374.6,1,0,10.1,1,95.3,303,LOW
30.6,463.8,0,0,4.2,1,76.2,346,LOW
124.5,136.6,2,1,20,2,74.3,643,MEDIUM
154.1,273.6,1,1,29.2,3,63.5,520,MEDIUM
85.3,416,1,0,8.5,1,81.8,498,LOW
256.5,127.2,6,4,26.8,2,68,1586,HIGH
165.8,113.2,2,3,27.5,1,78.9,822,MEDIUM
151.2,205.4,3,1,7,2,80.8,931,MEDIUM
97.6,210.7,0,0,7.7,1,88.3,618,LOW
93.3,233,0,0,7.7,1,93.2,533,LOW
233.5,113.6,4,6,41.3,2,46.7,1078,HIGH
214.9,74.4,4,2,34.5,3,37.2,1402,HIGH
191.9,74.9,4,2,39.8,5,57.6,751,HIGH
253.6,104.6,5,6,26.2,4,21.5,1029,HIGH
32.2,419.4,0,0,4.8,1,85.9,519,LOW
104.9,197.7,3,0,18.6,1,58.5,681,MEDIUM
70,283.9,1,1,18.6,2,60.3,860,MEDIUM
264.1,114,3,4,18,2,40.8,1361,HIGH
42,314.5,2,0,3.6,1,100,272,LOW
261.3,136.9,4,4,24.1,3,43.5,583,HIGH
278.1,65,9,6,45.5,4,32.5,956,HIGH
96.2,193.2,1,1,30.7,2,78.9,999,MEDIUM
122.8,203.8,3,1,10,3,65.3,783,MEDIUM
173.4,185.9,3,0,11.3,1,74.5,610,MEDIUM
132.5,211.6,4,2,15.7,3,79.9,478,MEDIUM
39.7,486.3,1,0,4.6,1,100,427,LOW
156.5,192.4,1,2,33.7,2,81.1,504,MEDIUM
26.8,461.2,1,0,1.5,1,97.2,408,LOW
334.9,47.7,6,5,41.6,4,21.1,1480,MEDIUM
102.5,219.6,4,2,10.7,2,64,893,MEDIUM
55.9,497.7,0,0,5.7,1,82.2,630,LOW
57.2,431.9,0,0,7.1,1,85.1,307,LOW
39.5,416.8,0,1,8.2,1,93.4,331,LOW
165,156.2,5,2,46.7,3,41.8,1284,HIGH
21.9,524.5,1,1,3.3,1,93.8,504,LOW
32.1,390.7,0,1,6.4,1,96,259,LOW
253.7,67.5,3,6,54.7,4,60.8,1609,HIGH
210,165,1,2,10.8,3,68.2,683,MEDIUM
81.6,218.6,3,1,26.9,2,76.1,720,MEDIUM
300,80.5,3,5,45.4,2,10,1705,HIGH
61,437,1,0,6.8,1,97.1,704,LOW
169.7,204.1,4,2,9.2,1,76,904,MEDIUM
193.7,98.5,3,2,31.6,5,44.6,1255,HIGH
249.6,155.6,3,2,29.1,2,25.5,1280,HIGH
127.4,240.9,2,1,19.9,1,76.8,879,MEDIUM
114,141.5,1,3,19.2,2,70.2,897,MEDIUM
229.8,110.3,4,4,20.3,2,40.3,1664,HIGH
150.6,234.2,2,1,27.1,1,68.5,651,MEDIUM
61,312.1,0,0,9.3,1,89.1,415,LOW
151.6,230.9,3,3,7.6,2,90,458,MEDIUM
61.9,253,1,0,6.8,1,84.6,687,LOW
85.9,359.7,2,0,9.7,1,99.6,484,LOW
180.3,127.1,2,0,22.4,1,62.1,899,MEDIUM
125.6,209.2,2,2,33.8,2,80.2,994,HIGH
97,187.5,1,3,22.3,3,69.8,841,MEDIUM
190.9,251.7,2,1,19.5,1,57.1,780,MEDIUM
39.6,374.7,0,0,10.6,1,100,378,LOW
382.4,109,4,2,37.2,2,21.4,1464,HIGH
243.8,121.2,3,2,39.4,4,33.3,904,HIGH
139.7,273.1,4,1,18.7,1,58.8,879,MEDIUM
104.2,194.7,2,1,31.2,1,69.7,680,MEDIUM
160.4,227.6,2,2,18.6,1,59.8,904,MEDIUM
42.7,347.2,2,0,2.5,1,82.8,213,LOW
156.1,137.5,3,1,25.5,2,65.4,800,MEDIUM
391,87.7,6,4,32.5,4,33.4,500,HIGH
81.9,325.9,1,0,1.6,1,92.3,250,MEDIUM
222.2,214.3,1,0,12.8,2,79.4,983,MEDIUM
131.4,126.4,3,1,13,1,73.5,623,MEDIUM
53.2,425.3,0,0,8.7,1,89.4,363,LOW
64.1,240.8,0,1,5.2,1,91.3,508,LOW
131.2,288.6,2,1,8.6,1,83.4,1039,MEDIUM
245.6,89.2,9,4,26.6,2,64.9,997,HIGH
53.7,404.7,0,0,7.9,1,100,394,LOW
161.5,310.3,1,1,23.9,1,81.4,826,MEDIUM
87.5,161.5,1,3,21.1,1,79.1,836,MEDIUM
136.5,241.4,2,1,17.7,1,66.4,635,MEDIUM
260.9,88.3,7,3,36.6,3,42.6,1140,HIGH
59.7,316.2,1,1,5.9,1,97.9,303,LOW
36.1,339.9,0,1,3.3,1,96.5,479,LOW
159.9,83.3,8,4,41.4,3,49.8,500,HIGH
213.5,102.2,8,7,30.6,2,54.6,807,HIGH
255.4,67.7,3,6,38.1,2,35.1,899,HIGH
131.9,249.1,2,1,30.7,1,83.8,770,MEDIUM
247.4,84.1,6,4,43,2,28.4,1433,HIGH
210.9,155,6,2,50.4,5,40,609,HIGH
246.8,52.6,3,6,44.5,4,50.6,1498,HIGH
113.4,211.6,3,1,19.8,1,58.4,402,MEDIUM
311.3,79.7,6,4,61.5,3,31.4,1988,HIGH
93.6,408.8,0,0,7.7,1,87.7,646,LOW
62.1,240.3,0,0,3.5,1,91.6,381,LOW
63.1,396.8,0,0,6.1,1,100,401,LOW
127.1,282.9,3,1,19.3,2,72.8,592,MEDIUM
64.1,333.7,0,0,5.4,1,83.3,426,LOW
136.9,132.7,4,1,13.7,1,64.8,849,MEDIUM
178.8,99.4,5,4,38.2,3,36.7,694,HIGH
140.9,148.7,2,1,14.1,2,81.3,650,MEDIUM
170.6,92.4,5,5,31.6,3,24.8,1408,HIGH
195.9,207.1,3,2,20,2,48.5,944,MEDIUM
360,65.4,3,2,18,3,49.9,911,HIGH
265.1,80.2,7,4,47,2,27.2,1560,HIGH
70,152.1,1,3,24.5,2,75.7,870,MEDIUM
292.6,95.1,7,3,19.1,4,30.3,500,MEDIUM
62.6,349.2,0,0,9,1,84.3,372,LOW
227.9,87.2,6,3,55.5,2,68,1079,HIGH
54.2,412.7,1,1,4,1,85.7,478,LOW
150.4,224.7,3,1,14.5,1,76.6,828,MEDIUM
81.2,319.9,0,0,4.3,1,93.3,291,LOW
206.9,174.1,4,0,21.5,1,66.2,661,MEDIUM
261,76.5,6,5,53.2,3,36.2,687,HIGH
113.3,305.3,1,0,7,1,94.7,370,LOW
54.4,494,1,0,12,1,100,604,LOW
347.3,59.6,8,5,46,2,38,500,HIGH
101.5,278.2,3,2,28.5,1,79.5,720,MEDIUM
187.9,238.2,2,1,17.2,1,62.3,1123,MEDIUM
51.1,344.9,2,1,1.9,1,91.1,199,LOW
176.8,294.8,3,2,19.1,1,89.7,773,MEDIUM
192,212.1,3,3,19.4,2,67.1,680,MEDIUM
348.8,76.1,5,5,45.2,2,34,1131,HIGH
146.3,181,2,2,21.8,2,79.8,673,MEDIUM
142.7,258.9,1,1,12.2,2,72.9,948,MEDIUM
127.1,253.8,4,0,23.3,1,55.4,782,MEDIUM
73.7,347.1,0,0,1.5,1,84.6,445,LOW
131,215.4,3,3,17.4,1,45,1065,MEDIUM
179.6,105.1,3,2,35.6,3,43.9,500,HIGH
61.2,234.2,0,1,4.9,1,92.6,163,LOW
173.4,145.4,2,0,15.4,1,53.9,596,MEDIUM
272,80.9,5,5,21.6,2,52.2,1051,HIGH
259.4,25,3,4,51.5,3,35.7,500,HIGH
205.2,237.1,3,0,29.6,1,75.8,1094,MEDIUM
186.5,264.9,2,1,19.6,1,60.8,508,MEDIUM
382.1,112.2,7,3,35.9,3,31.4,1096,HIGH
233.1,128.5,4,2,41.9,3,25.6,1211,HIGH
286.8,119.1,6,5,21.4,2,68,1224,HIGH
64.3,341.1,2,0,13.2,1,87.3,314,LOW
102.3,345,1,1,6.7,1,97.5,398,LOW
196.4,178.1,2,2,17.9,1,89.2,637,MEDIUM
125.4,174.1,1,2,15.2,2,73.1,540,MEDIUM
258.4,100,3,4,23.9,3,57.7,901,HIGH
319.6,34.9,4,2,48.4,3,29.9,1531,MEDIUM
201.8,117.3,5,4,35.3,2,40.5,1356,HIGH
110.1,242.5,3,3,26.1,1,59.3,682,MEDIUM
232.9,101.5,5,4,31.3,2,29.2,1111,HIGH
159.8,189.1,5,1,28.5,2,90,422,MEDIUM
42,367.9,0,1,10.4,1,100,307,LOW
78.7,449.3,2,0,2.4,1,100,238,LOW
44.7,308.2,1,0,3.4,1,83.4,284,LOW
140,100.8,5,2,38.8,2,22.2,500,HIGH
36,290.5,0,0,1.7,1,100,440,LOW
141,201.8,2,1,15.6,1,58.4,887,MEDIUM
340.5,57.7,4,2,25.7,4,21.7,1332,HIGH
186.3,207.6,2,2,17.4,2,80.6,872,MEDIUM
39.5,235.5,1,0,5.4,1,91.2,490,MEDIUM
192.9,101,5,2,38.4,2,51.9,1260,HIGH
49.8,353.2,0,0,3.1,1,100,102,LOW
316.1,73.4,5,4,42.9,2,46.7,1741,HIGH
100,148.2,3,0,22.8,1,90,896,MEDIUM
107.7,221.3,1,0,21.3,2,63.5,504,MEDIUM
149.5,211.9,3,1,14.5,2,67,876,MEDIUM
241.3,92.7,7,2,37.3,3,49.8,1121,HIGH
163.9,202.8,4,1,15.8,1,88,728,MEDIUM
64.9,263,1,0,2.4,1,89.2,293,LOW
199.8,112.1,7,2,22.8,3,52.5,1049,HIGH
175.8,162.4,2,3,23.1,2,90,821,MEDIUM
135.9,146.1,1,2,12.1,1,78.4,402,MEDIUM
83.9,353.5,0,1,3.6,1,95.6,447,LOW
132.8,210.9,2,0,21.1,2,81.9,988,MEDIUM
133.2,260.6,2,2,18.7,2,60.7,562,LOW
25.7,375,0,1,6,1,100,292,LOW
178.2,177.9,2,1,25.2,1,82.3,830,MEDIUM
267.3,78,4,3,32.1,4,42.2,1006,HIGH
150.2,202.8,2,1,12.7,1,55.6,905,MEDIUM
181.6,156.5,2,3,14.8,1,69.6,736,MEDIUM
39.4,409.8,0,0,6.9,1,98.5,406,LOW
259.9,125.5,4,3,30.7,3,33.6,1249,HIGH
62.5,377.4,2,0,3.4,1,96.7,382,LOW
94.5,310.3,3,2,12.4,1,75.9,250,MEDIUM
110.5,294.4,4,1,17.3,2,78.5,750,MEDIUM
303.5,132.2,7,6,37.4,2,52.5,1188,HIGH
32.7,343.5,0,0,8,1,100,422,LOW
137,235.6,3,1,24.3,3,47.7,1028,MEDIUM
64.7,436.5,1,0,8.6,1,84.9,451,LOW
98.2,273.4,0,0,11.5,1,93.6,223,LOW
121,219.8,3,2,20.6,3,76,403,MEDIUM
166.3,188.7,3,0,15.4,1,83.6,1108,MEDIUM
66,417.8,0,1,8.7,1,89.8,348,LOW
71.2,369,0,1,9.4,1,100,443,LOW
168.3,147.4,3,0,16.7,1,77.5,580,MEDIUM
264.4,124.9,4,2,50.2,5,28.4,1180,HIGH
98.9,221.8,1,2,26,3,49.5,744,MEDIUM
89.6,302,2,2,18.5,1,69.2,811,MEDIUM
295.5,49.1,4,2,47.7,4,44.6,693,HIGH
154.5,218.3,3,0,30.8,3,52.5,612,MEDIUM
39.6,414.6,2,0,3.5,1,80.3,532,LOW
243.9,80.1,9,2,48.5,2,40.7,1357,HIGH
37.9,431.6,1,0,4.3,1,87.2,266,LOW
115.6,229.5,3,1,11.9,1,65.7,823,MEDIUM
167,77.1,3,4,22.2,4,53.1,1661,HIGH
59.9,439.3,1,0,8.3,1,86.7,615,LOW
91.5,263.9,2,2,16.2,1,69.5,862,MEDIUM
156.9,217.1,1,3,27.2,1,53.9,687,MEDIUM
58.8,396.2,0,0,12.7,1,93.3,519,LOW
203.3,74.6,6,2,40.4,2,41.1,1628,HIGH
90.4,425.8,1,0,3.6,1,87.7,273,LOW
154.6,159.9,2,2,22.5,2,71.7,994,MEDIUM
63.8,371.8,1,0,6.9,1,87.9,376,LOW
118.2,179.7,2,2,16.9,1,85.3,727,MEDIUM
206.8,113.9,6,2,42.6,3,58.2,1076,HIGH
95.1,197.6,2,1,9,1,65.7,745,LOW
276,136,8,7,49.7,2,47.7,1252,MEDIUM
87,345.9,0,0,8,1,87.1,289,LOW
67.4,331.2,1,0,7.3,1,96.7,100,LOW
56.4,312.8,0,1,3.7,1,86.1,225,LOW
70.7,374.3,0,0,11.8,1,100,588,LOW
42.6,377.9,1,2,6.2,1,88.5,455,LOW
58.6,294.4,0,0,4.9,1,100,532,LOW
132,178.8,3,1,21.2,2,73.3,797,MEDIUM
51.6,312.8,0,0,1.5,1,82.1,369,LOW
220,93.7,8,6,49.7,3,54.1,1604,HIGH
267.4,101.2,5,5,32.9,2,31.6,983,HIGH
306.7,88.4,6,3,38.9,2,51.4,863,HIGH
225.6,67,3,6,53.1,2,43,1497,HIGH
111,196.5,1,2,14.9,2,69.6,858,MEDIUM
127.7,201.8,2,1,7,1,81.4,549,MEDIUM
59.2,323.5,0,0,10.6,1,97.6,418,LOW
49.9,466.4,1,0,1.6,1,82.5,466,LOW
71.5,367.2,0,0,3.7,1,96,234,LOW
107.8,243.8,1,0,12.3,1,45,632,MEDIUM
85.4,465.5,3,0,7.2,1,100,394,LOW
52.5,385.4,1,0,4.7,1,94.3,535,LOW
318.2,97.7,4,4,66.1,3,48.6,1000,HIGH
384.9,148.4,6,3,54.9,3,47.3,2179,HIGH
70.3,271.8,2,1,10.2,2,90,1032,MEDIUM
344,85.4,6,6,36.3,4,20.6,943,HIGH
111.6,238.3,1,1,20.1,2,80.1,592,MEDIUM
190.7,99.2,4,3,37.3,3,20.2,1122,HIGH
290.3,85.4,3,2,22.3,2,49.5,877,HIGH
208.5,114.2,5,6,35.5,2,34.6,1634,HIGH
26.3,292.5,0,1,6.8,1,98.8,759,LOW
214.5,200.1,2,0,23.3,1,57.4,698,MEDIUM
62.4,300.6,0,0,10.7,1,93.8,501,LOW
60.2,370.3,0,0,7.3,1,100,585,MEDIUM
197.8,257.5,4,0,13.2,1,82.3,1186,MEDIUM
319.1,131.3,3,6,50.5,3,32.5,886,HIGH
226.9,75.3,7,8,30.1,3,48,1289,MEDIUM
72.4,366.5,0,0,4.6,1,85.7,604,LOW
310.3,80.8,7,3,54.5,3,55.1,1494,HIGH
160.2,219.8,3,2,7.9,1,53.1,1082,MEDIUM
73.8,436.5,0,1,1.5,1,80.7,522,LOW
106.4,145.1,1,0,17.7,1,74.4,580,MEDIUM
80.3,425.3,1,0,4.7,1,86.8,357,LOW
58.9,359.8,1,0,11.7,1,90.5,341,LOW
38.1,446.4,2,1,10.8,1,75.2,255,LOW
58.1,291.1,1,0,10.9,1,96.6,449,LOW
70.9,353.3,0,0,6.3,1,91.8,338,LOW
86,361.5,0,1,5.6,1,88.6,466,LOW
49.4,353.1,0,0,8.7,1,81.6,706,LOW
308.3,90.6,7,4,45.4,3,34,1759,HIGH
224.4,95.5,5,4,37.5,2,24.5,733,HIGH
196.3,102.5,4,3,40,3,52.4,1177,HIGH
62.1,321.7,1,0,6.3,1,86.8,295,LOW
68.4,251.8,1,0,6.3,1,100,155,LOW
337.2,68.3,6,3,43.7,5,25,1780,HIGH
195.2,191.6,3,2,15.2,1,54.2,259,MEDIUM
151.8,172.2,3,1,18.4,1,78.1,744,MEDIUM
94.3,100,1,2,23.2,1,58.1,787,MEDIUM
184.5,188.9,1,1,27.5,1,64.7,687,MEDIUM
101.5,280.2,1,2,17.7,1,70.8,506,MEDIUM
189.4,110.5,3,5,23,2,62.3,1653,HIGH
264.8,60.7,3,5,21.7,3,40.4,667,HIGH
37,367.2,0,0,9.4,1,87.8,240,LOW
65.1,590.6,0,1,5.6,1,99.7,126,LOW
81.7,375.2,0,0,10,1,100,423,LOW
70,184.5,4,2,8.8,3,88.5,809,MEDIUM
57.2,358.1,2,0,3.9,1,83.1,414,LOW
79,409.4,2,0,9.5,1,88.1,358,LOW
182.1,103.8,3,2,25.9,4,19.6,1587,HIGH
136.9,222.6,1,2,22.4,1,72.6,348,MEDIUM
57.1,417.1,0,0,4.8,1,93.3,537,LOW
64.2,323.6,2,0,3.2,1,93.1,591,LOW
48.6,403.2,0,0,7.5,1,83.4,380,LOW
59.8,401.5,0,1,12.7,1,94.3,396,LOW
266.5,119.5,5,5,36.9,3,45.7,1019,HIGH
71.1,348.9,1,1,5.6,1,87.8,468,LOW
91.3,114.7,5,4,23.1,2,74,771,MEDIUM
66.5,446.7,0,1,5.8,1,88,408,LOW
245.7,104.9,3,7,38.3,2,50.5,1056,HIGH
56,296.5,0,0,5.3,1,96.8,598,LOW
219.5,79.5,5,7,37.9,3,42,797,HIGH
153,205.8,4,2,14.1,1,77.6,719,MEDIUM
69.7,434.4,0,1,2.8,1,89.6,334,LOW
176.4,287.7,2,0,20.4,1,71.7,610,MEDIUM
103.1,355.4,2,0,4.7,1,95.5,577,LOW
390.9,97.6,4,5,45,4,39.4,1200,HIGH
82.1,292,1,0,3.3,1,100,428,LOW
178.9,205.4,1,2,17.8,2,79.6,807,MEDIUM
263.2,152.2,4,5,45,2,68,1621,HIGH
70.4,381.3,0,0,10.3,1,95.7,753,LOW
298.6,84.2,6,6,41.2,3,57.8,1149,HIGH
200.2,216.9,2,1,22.4,2,80.9,841,MEDIUM
58.6,332.3,0,0,6.2,1,75,507,LOW
58.2,430.5,1,0,7.6,1,96.7,442,LOW
259.4,67.9,6,2,61.8,2,32.2,1452,HIGH
243.9,59,4,3,31,2,28.8,965,HIGH
172.2,189.8,2,0,19,2,57.6,1020,MEDIUM
55,403.5,0,0,3,1,81.3,560,LOW
69,348.3,1,1,5.5,1,100,393,LOW
168.5,173.3,4,1,17.4,2,56.3,1264,MEDIUM
48.3,439.8,0,0,9.7,1,91.7,536,LOW
237.4,98.1,3,3,41,2,25.9,794,MEDIUM
55.5,517.1,0,0,7.5,1,100,150,LOW
359,111.9,3,2,42.7,3,11.2,1513,HIGH
35.3,463.7,1,0,1.5,1,99,276,LOW
171.1,292.9,2,2,16.4,2,65.9,965,MEDIUM
71.2,294.4,1,0,7.1,1,90.1,439,LOW
175.8,83.6,3,4,31.9,4,61.5,1082,HIGH
109.2,223.5,3,0,7,1,64.9,863,MEDIUM
256.3,61.3,3,6,33,3,21.6,2026,HIGH
61.4,374.9,1,0,4,1,93.7,442,LOW
156,139.9,4,5,25.1,2,55.5,1624,HIGH
67.3,429.2,0,0,10.8,1,95.8,381,LOW
185.9,240.1,1,0,14.9,1,63.6,681,MEDIUM
274.3,147,5,3,36.6,5,37.9,1091,HIGH
117.5,214.6,4,0,7,1,89.3,647,MEDIUM
54.5,416.8,1,0,7,1,95,482,LOW
120.5,240.2,3,3,18,1,67.7,969,MEDIUM
71.9,375.3,0,0,5.6,1,100,397,LOW
151.8,185.8,1,1,15.4,2,71.5,1114,MEDIUM
47.1,440.5,0,1,9.5,1,91.7,503,LOW
53.7,356.4,1,0,7.4,1,92.8,329,LOW
140,62.1,4,5,62.7,5,60.9,992,HIGH
263,138.2,4,3,47.5,2,32.7,1270,HIGH
79,422.9,0,1,10.6,1,96.9,139,LOW
48.6,424.9,1,0,12.1,1,100,535,MEDIUM
177.9,105.3,3,4,30.8,3,33.7,500,HIGH
66.4,506.7,1,0,9.5,1,82.9,418,LOW
138.9,218.6,2,0,10.3,3,80.4,1074,MEDIUM
219.4,54,4,4,18,4,43.5,1358,HIGH
121.8,424.4,0,1,7.2,1,78.4,503,LOW
291.4,97.8,4,4,55.9,3,33.7,1383,HIGH
61.2,355.9,1,0,10.3,1,92.5,209,LOW
22.5,206.6,0,0,7,1,95.8,457,LOW
157.8,214.6,3,3,20.7,1,74.9,651,MEDIUM
61.5,391.8,0,0,3.2,1,100,495,LOW
123.1,234.6,3,3,25.8,2,75.8,785,MEDIUM
54.9,497.5,1,0,5.1,1,79.7,421,LOW
118.7,143.8,3,2,11.9,1,58.4,842,MEDIUM
200.6,229.6,2,0,17.1,1,52.9,726,MEDIUM
185.7,134.7,5,6,59.7,3,39,1586,HIGH
72.5,345.3,3,0,12.2,1,90.5,130,LOW
228,229.1,1,2,16.7,1,57.7,784,MEDIUM
173.1,257.1,1,3,7,2,70.5,366,MEDIUM
158.6,272.1,3,1,11.7,1,58.4,832,MEDIUM
277.7,96.7,3,3,30,2,38.2,1244,HIGH
399.6,104.8,4,5,21.1,3,47.6,1572,HIGH
60.2,293.9,1,0,7.6,1,91.1,198,LOW
126.1,107.1,2,2,20.6,2,73.4,989,MEDIUM
53.1,440.9,1,0,1.7,1,92.7,370,LOW
182.1,154.5,1,3,14.6,2,63.8,1228,MEDIUM
288.9,142.9,3,3,45.8,2,48.4,917,HIGH
149.3,243.6,4,2,7,2,81.4,655,MEDIUM
42.8,316.9,1,0,11.6,1,100,586,LOW
237.2,80.4,3,5,18,3,62.9,1121,HIGH
141.3,318.2,2,0,19.8,1,46.7,533,MEDIUM
209.9,184.6,3,1,17.2,1,76.4,949,MEDIUM
111.3,208.2,3,1,17.6,2,65.6,615,MEDIUM
122.6,206.5,2,1,26.7,1,66.6,1023,MEDIUM
263.4,73.5,3,4,23.1,2,19.4,663,HIGH
36.8,285.7,0,0,5.4,1,76.3,435,LOW
133.1,228.3,1,2,25.3,2,90,597,MEDIUM
93.7,315.3,0,0,12.4,1,92.6,337,LOW
66.8,422.6,0,0,6.4,1,90.8,349,LOW
80.2,395.5,0,0,7.4,1,92.6,397,LOW
77.1,506.1,0,0,4.3,1,78.6,611,LOW
136.8,226.2,2,3,17.3,1,68.8,652,MEDIUM
206.6,262.9,2,1,18.6,2,77.9,1170,MEDIUM
70.1,401.8,2,0,8.4,1,93.5,673,LOW
342.7,74.2,8,5,54.9,3,23.2,1451,HIGH
189.5,281.4,5,3,12.1,1,61,1111,MEDIUM
232.5,92.6,3,3,32.1,3,50,1704,HIGH
100.9,202.5,3,1,19.4,1,70.4,1047,MEDIUM
57.9,464.1,0,1,8,1,87.2,443,LOW
77.1,232.3,2,1,16.6,1,67.9,958,MEDIUM
99,152.9,3,1,7,2,76.7,895,MEDIUM
295.4,101.1,5,4,25.4,4,64.9,1259,HIGH
206,143.2,8,4,42.8,4,61.8,906,HIGH
162.5,227.9,1,0,10.2,2,82.8,608,MEDIUM
20,304,0,1,9.3,1,76.9,381,LOW
70.8,422.3,0,1,6.6,1,100,472,LOW
280.4,121.9,8,3,18.2,2,28.5,1066,HIGH
32.6,422,0,0,11.9,1,87.5,796,LOW
66.4,222.3,0,0,5.5,1,87,585,LOW
188.5,262.7,2,2,7,2,68.9,715,MEDIUM
54.4,378.5,1,1,5,1,90.3,515,LOW
169,179.2,2,0,16.7,2,61.7,805,MEDIUM
243,100.6,5,2,58,2,37,1575,HIGH
83.1,390.5,1,0,5.8,1,95.6,315,LOW
61.4,402.5,0,2,7.6,1,100,345,LOW
238,120.7,3,6,20.2,3,27.8,1139,HIGH
147.6,220.1,1,1,8.7,1,79.1,1022,MEDIUM
59.3,418.8,0,1,6.3,1,81.2,691,LOW
140,47,4,3,42.8,2,31.3,1315,HIGH
57.9,347.6,0,0,2.3,1,100,590,LOW
162.6,279.2,2,2,18.5,1,63.3,532,MEDIUM
182.4,101.9,4,2,29.4,2,51.2,1527,HIGH
98.5,211.3,2,1,12.9,2,55.8,910,MEDIUM
128.8,197.3,1,1,14.5,1,71.8,894,MEDIUM
112,309.5,3,1,29.7,1,70.8,480,MEDIUM
223.4,68.6,3,2,35.8,2,50.2,500,HIGH
70.8,304.7,0,0,9.1,1,86.7,528,LOW
206.9,72.8,7,2,54.9,3,48,1616,HIGH
204,170.9,1,0,11.9,2,80.6,872,MEDIUM
248.9,72.6,7,5,18,3,22.2,1350,HIGH
114.7,220.1,3,2,19.4,2,69.1,1044,MEDIUM
75.1,288.2,0,1,7.6,1,100,281,LOW
59.9,421.9,2,0,3,1,90.1,479,LOW
102.3,165.8,2,3,13.3,1,73.3,643,MEDIUM
73.2,403.9,2,0,11.6,1,93,346,LOW
207.2,101.8,3,2,27.2,3,49,1499,HIGH
86.1,349.3,1,0,8.3,1,95.6,634,LOW
77.9,429.6,1,1,1.5,1,92.9,419,LOW
46.9,311.6,2,0,8.2,1,84.5,538,LOW
55.8,313,0,0,4.6,1,100,116,LOW
79.9,361.6,0,0,8.6,1,78.2,329,LOW
196.7,67.9,4,5,47.2,2,38,989,HIGH
69.2,228.2,0,1,7.6,1,81.2,329,LOW
223.2,56.5,7,4,51.4,2,22.1,1115,HIGH
44,285,1,0,7.2,1,94.9,392,MEDIUM
84.4,319.8,0,1,4.3,1,97.9,619,LOW
132.5,130.5,3,1,15.7,2,58.5,710,MEDIUM
51.1,404.6,0,0,1.5,1,90.4,423,LOW
275.8,159.5,3,2,39.4,2,68,1374,HIGH
94.4,431.7,0,0,4.7,1,94.4,487,MEDIUM
163.2,140.6,1,1,7,2,80.8,324,MEDIUM
121.2,230.6,2,3,26.1,1,87.3,1154,MEDIUM
52.9,475.4,0,0,8.4,1,88.7,491,LOW
103.2,421.3,0,1,9.2,1,89.6,100,LOW
199.4,95.8,5,5,42.8,2,56.5,978,HIGH
70.5,429.7,0,0,5.7,1,86.6,390,LOW
122.9,147.4,2,0,12.4,1,78.5,878,MEDIUM
209.4,104.2,7,2,24.3,2,42.9,860,HIGH
171.4,230.7,3,0,14.9,1,59.5,721,MEDIUM
229.7,110.7,6,2,27.8,4,35.4,1951,HIGH
95.5,311.1,0,2,6.2,1,96.5,528,LOW
158.8,204.3,2,0,7.3,2,68.9,1098,MEDIUM
178.4,182.4,4,3,21.1,2,80,502,MEDIUM
67.8,288.7,0,0,9.3,2,92.3,398,LOW
201.1,88.2,6,5,36.9,4,46.6,1191,HIGH
73.1,353.3,2,1,6.9,1,100,463,LOW
71.7,404.8,0,0,7.8,1,100,460,LOW
193.5,132.3,4,5,34.4,4,39.8,556,HIGH
226.4,63.4,6,2,45.1,2,43.3,1195,HIGH
175,210,2,3,16.6,2,70.8,311,MEDIUM
44.1,438.7,0,0,8.1,1,91.8,325,LOW
177.7,187.9,3,1,22.7,3,78.9,605,MEDIUM
171.7,216.2,1,1,19.6,1,76.5,518,MEDIUM
70,265.3,3,1,30.8,1,71.7,621,MEDIUM
62.5,389.9,0,0,2.7,1,89.7,440,LOW
251.6,75.8,6,3,21.3,2,63.1,1076,HIGH
58.7,318.5,0,0,10.3,1,90.8,344,LOW
116.6,230.2,1,0,20.5,2,90,698,MEDIUM
70.7,460.9,0,0,5.5,1,97.6,363,LOW
120.6,223.9,1,0,17.6,2,68.9,755,MEDIUM
71,332.1,0,0,8.5,1,98.1,282,LOW
49.5,441.9,0,0,13.2,1,78.8,377,LOW
82.4,330.6,1,0,8.3,1,92.9,100,LOW
112.7,243.5,4,1,14.6,3,64.2,486,MEDIUM
270.3,72.9,3,4,42.7,2,65.7,1382,HIGH
230.8,104.5,6,3,28.4,2,46.8,905,MEDIUM
47.6,481,0,0,6.2,1,94.6,637,LOW
354.6,76.9,8,5,52.7,4,53.7,1433,HIGH
171,203.5,3,2,11.3,1,83.1,1307,MEDIUM
141.7,244,1,1,10.3,1,67.2,566,MEDIUM
209.4,282.2,3,2,11.4,2,71.9,750,MEDIUM
44.5,371.5,0,0,7.7,1,87.4,287,LOW
173.1,157.4,2,2,30,1,71.8,927,MEDIUM
69,257.2,1,1,2.6,1,100,568,LOW
80.4,507.8,3,0,6.6,1,91.7,471,MEDIUM
34.1,279.7,0,0,7.4,1,94.5,379,LOW
161.5,288,3,1,12.5,1,83.4,545,MEDIUM
181.5,55.1,4,4,48.3,2,39.3,834,HIGH
161.4,190.4,1,2,19.5,2,68.9,850,MEDIUM
62,388.3,1,0,4.8,1,87.6,772,LOW
235.8,96.9,3,4,41.2,3,53.4,851,HIGH
56.3,295.3,1,0,7.8,1,94.6,619,MEDIUM
74.2,491.4,2,1,12.1,1,96.9,318,LOW
140.5,158.2,2,3,20.3,2,90,791,MEDIUM
235.9,100.5,4,5,33.5,5,54.4,1783,HIGH
244,107,8,5,25.4,2,48.5,861,HIGH
58.9,354.5,0,0,13.9,1,94.7,167,LOW
138.4,282,2,4,25.4,2,85.1,804,MEDIUM
199.3,241.7,4,0,20.9,1,53.1,411,MEDIUM
90.5,408.7,1,1,4.2,1,99.6,363,LOW
95.7,349.2,1,0,7,1,98.1,485,LOW
55.5,341.5,1,1,3.5,1,87,406,LOW
70,169.3,1,1,13.8,2,57.6,625,MEDIUM
29.3,247.3,0,0,4.8,1,96.4,251,LOW
189.9,286.2,4,1,16.7,1,89.2,542,MEDIUM
83.5,282.4,0,0,3.4,1,89.5,341,LOW
183.3,169.5,2,2,19.5,1,85.4,673,MEDIUM
163.9,144.2,3,3,16.9,1,65.7,1082,MEDIUM
69.5,438.7,0,1,4.9,1,97.1,216,LOW
28.5,342.3,1,1,7.4,1,100,415,LOW
93.1,424.5,1,1,3,1,90.9,259,LOW
291.6,52.1,3,2,66.1,3,13.7,857,HIGH
166.3,242.8,4,0,20.9,2,76.7,536,MEDIUM
162.8,249.5,4,3,19.7,1,80.5,1060,MEDIUM
70.2,360.2,0,0,7.4,1,91.2,691,LOW
76.9,446.9,1,1,5.8,1,90.9,223,LOW
206.5,190,3,2,23.8,1,45,865,MEDIUM
55.8,450.1,0,2,8.2,1,87.8,335,MEDIUM
164.6,149.7,2,2,14.7,1,64.9,723,MEDIUM
36.6,374.1,1,0,11.7,1,96.4,295,LOW
166.2,80.4,3,4,30.2,2,68,911,HIGH
78.8,229.1,3,0,16.7,1,66,820,MEDIUM
61,412.4,0,0,7.3,1,88.9,154,LOW
279.2,93.1,3,2,41.9,2,42.5,1321,HIGH
116.9,402.8,2,0,7,1,78.1,422,LOW
254.2,45.4,6,3,29.8,4,61.8,1279,HIGH
148.1,121.9,5,2,38.4,2,58.7,851,HIGH
240.9,78.5,6,3,41.8,2,40.1,953,HIGH
345.9,71.7,5,5,30.6,3,37.5,528,HIGH
111,228.3,1,2,22.2,1,72.8,1066,MEDIUM
90.7,510.4,1,0,13.7,1,93.3,255,MEDIUM
58.7,341.4,0,0,10.2,1,89.4,555,LOW
222.8,100.6,5,5,18.7,2,31.6,1097,HIGH
265.8,130.8,5,3,38.4,3,42.5,839,HIGH
53.4,409.9,0,0,1.5,1,81.2,597,LOW
145.2,212.6,3,2,17.1,1,58.6,339,MEDIUM
49.8,308.5,0,0,8.2,1,83.9,395,LOW
164.3,230.2,4,1,13.1,1,90,932,MEDIUM
65.3,359.2,0,0,6.1,1,92.7,338,LOW
262.8,177.5,7,4,18.5,4,30.8,1593,HIGH
150.6,206.1,3,0,25,2,75.8,565,MEDIUM
283.3,71.3,10,4,38.3,3,19.4,1050,HIGH
210.6,88.8,5,2,18,3,43.7,1270,HIGH
68.7,393.8,0,0,4.9,1,94.4,394,LOW
92.4,172.3,3,2,19.3,3,90,858,MEDIUM
73.3,371.5,2,0,7.5,1,91.3,360,LOW
184.4,273.9,3,2,12.5,2,78,924,MEDIUM
73.4,185.8,4,2,27.5,3,67.5,774,MEDIUM
280.4,66.7,6,3,53.2,2,46,792,HIGH
248.7,91.5,6,4,43.8,4,40.9,806,HIGH
169.6,350,2,1,20.4,2,89.1,766,MEDIUM
103,178.3,2,2,25.8,2,82.6,641,MEDIUM
130.6,185.9,3,2,12.2,1,74.3,603,MEDIUM
242.5,68.5,4,5,43.2,2,60.3,646,HIGH
326.2,61.9,4,5,40.8,4,61.7,1318,HIGH
369.5,123.1,6,5,28.4,3,36.4,768,HIGH
20,415.6,0,1,8.5,1,90.5,443,LOW
290.6,78.7,6,2,42.9,4,47.5,620,HIGH
156.6,238.8,2,0,35,2,78.1,558,MEDIUM
274.8,71.9,4,2,28.5,2,52.5,1363,HIGH
73.8,312.8,1,0,9.3,1,86.9,450,LOW
232.4,99.2,3,3,43.3,3,58.8,1408,HIGH
56.4,432.3,0,0,10.3,1,77.7,745,LOW
87.8,368.6,1,0,6,1,96,346,LOW
237.2,106.5,7,5,24.9,3,57.1,873,HIGH
91.3,265.4,3,2,17.9,1,90,553,MEDIUM
50,284.6,0,0,5.8,1,95.2,592,LOW
207.8,97,3,3,23.7,3,13.7,920,HIGH
41.8,346.8,2,0,7.1,1,99.3,216,LOW
51.1,370.9,0,1,3.8,1,100,477,LOW
195.7,67.7,3,2,43.5,2,14.9,1196,HIGH
183.6,103.8,6,2,44.3,2,31.6,1307,HIGH
240,219.8,3,1,17.8,2,79,1028,MEDIUM
54.5,537.3,0,0,9,1,100,297,LOW
122.3,199.8,5,3,18,2,58.3,659,MEDIUM
243.3,112.6,7,2,54,3,46.3,1522,HIGH
87.8,466.3,1,1,1.5,1,98.7,369,LOW
360.4,119.9,6,6,34.2,2,30.1,1531,HIGH
70,187.6,1,1,13.7,1,78.3,861,MEDIUM
262.5,107.5,3,4,42.7,2,54.6,1028,MEDIUM
150,187.6,3,1,24.6,1,53.1,784,MEDIUM
228.3,93,8,2,50.1,4,41.7,1245,HIGH
131.4,223.8,1,1,21.4,2,62,806,MEDIUM
72.3,164.8,2,2,15,2,58.9,748,MEDIUM
122.1,179.8,5,1,21.4,1,67.4,1000,MEDIUM
47.5,337.6,2,0,11.7,1,93.4,127,LOW
91.5,466.7,0,1,13.1,1,94,453,LOW
294,51,4,3,35.4,3,35,1292,HIGH
294.4,135.4,4,4,19.9,4,36.9,1281,HIGH
123.8,236.3,3,2,10.3,1,68.7,818,MEDIUM
43.4,326.4,0,1,4,1,80.7,522,LOW
242.2,85.2,4,2,35.5,3,47.6,1938,HIGH
74.5,536.7,0,0,8.5,1,94.7,293,LOW
269.6,122.8,5,2,39.4,3,53.1,1203,HIGH
164.1,255.1,1,2,21.4,1,52.5,332,LOW
148.2,177.3,3,1,23.6,1,59.6,922,MEDIUM
209.8,108.7,6,3,50.8,2,48.3,1345,HIGH
140.8,257.9,2,2,15.7,1,80.1,873,MEDIUM
115.5,288.3,1,2,11.6,2,62.6,651,MEDIUM
224.7,140.6,7,4,28.2,4,16,1514,HIGH
181.5,114.5,8,2,39.5,2,36.6,1729,HIGH
80.8,253.5,1,1,4,1,87.6,395,LOW
152.8,122.1,1,1,17.5,2,72,558,MEDIUM
274.9,25,4,6,60.6,3,36.7,2046,HIGH
244,102.1,4,3,18,3,47,1076,HIGH
166.8,277.2,3,1,19.1,1,67.1,1053,MEDIUM
337.1,96.1,8,5,27.5,2,26.8,1437,HIGH
268.2,102.7,4,6,27,2,53.5,778,HIGH
199.1,174.6,2,1,14.9,2,85.8,811,MEDIUM
43.6,272,1,1,4.5,1,95.1,171,LOW
278.6,128,3,2,30.2,3,42.7,669,MEDIUM
125.1,101.3,1,1,18.4,1,74.1,409,MEDIUM
126.6,254.3,3,1,18.3,2,79.5,908,MEDIUM
294.5,83.3,6,3,37.1,4,32.9,916,HIGH
86.9,411.9,1,0,5.6,1,100,260,LOW
190.4,226.2,2,0,15.6,1,77,794,MEDIUM
84.1,419.6,0,0,4.8,1,97.6,328,LOW
186,236.9,3,0,26.9,1,71.8,760,MEDIUM
152.9,168.6,2,2,21.2,1,84.9,883,MEDIUM
97.2,216.5,3,1,7.2,1,80.1,786,MEDIUM
50.4,325.8,1,0,9.7,1,89.4,475,LOW
112.7,141.9,3,1,33.2,2,81.4,1026,MEDIUM
283.9,108.7,3,3,72.3,3,48,803,HIGH
51.3,534.7,1,0,4.6,1,94.1,543,LOW
283.8,74.4,3,5,33.7,3,43.2,1386,HIGH
84.7,364.6,1,0,3.1,1,99.3,481,LOW
206.9,83,4,2,18,3,44,687,MEDIUM
122.8,231.5,3,1,20.4,2,66.2,751,MEDIUM
55.7,338.5,0,0,8.3,1,81.1,351,LOW
120.8,229.1,1,2,26.6,2,66.8,655,MEDIUM
39.2,302.9,0,0,8.8,1,91.6,322,LOW
157.5,157.1,2,2,21.8,1,70.2,746,LOW
91.4,400.5,0,0,4,1,84.4,264,LOW
223.5,88.8,8,3,35.2,2,39.2,1403,HIGH
71.9,392,0,0,8.7,1,92.5,326,LOW
120.5,200.6,3,4,23.9,2,86.2,685,MEDIUM
202.3,104.5,3,6,43.3,2,60.2,1258,HIGH
69.2,409,1,1,10.3,1,97.7,267,LOW
231.7,99.1,3,4,37.8,4,38.7,1143,HIGH
329.3,70,4,4,57.2,3,66.6,1331,HIGH
115.1,177.6,2,3,16.8,2,60.1,634,MEDIUM
193,261.2,2,2,16.7,2,58.6,745,MEDIUM
297.6,94.3,6,3,44,2,29.9,1361,HIGH
127,167.1,2,1,20.4,2,90,820,HIGH
89.9,285.8,1,1,5.2,1,89.1,264,LOW
260.5,138.4,3,3,50.6,3,33.7,1014,HIGH
267.9,27.9,5,2,22.1,4,19.8,1161,HIGH
158.7,228.1,3,2,7,2,84,722,LOW
44.4,411,1,1,5.5,1,88.4,142,LOW
236.6,185.7,2,2,10.8,1,82.3,622,MEDIUM
223.5,45.8,6,4,23.2,4,46.9,1086,MEDIUM
72.4,422.4,0,0,8.2,1,100,348,LOW
59.6,392.3,2,0,4.9,1,97.2,224,LOW
49.8,373,0,1,4.5,1,97.9,379,LOW
169.3,180.6,3,1,17.6,1,73.5,816,MEDIUM
111.3,279.4,1,0,15.6,2,68.6,850,MEDIUM
96,366,0,0,7,1,92.7,668,LOW
145.3,117.6,2,0,23.5,2,73.8,749,MEDIUM
56.1,422.9,1,0,3.6,1,96.2,330,LOW
83.8,246.5,3,0,16.8,1,54.5,791,MEDIUM
144.1,206.2,4,2,13.2,3,64.4,894,MEDIUM
237.2,118.1,5,3,23,3,32.4,1608,HIGH
39.9,332.5,0,1,6.2,1,88.7,440,LOW
309,111.4,6,6,18.3,4,23.7,619,HIGH
65.2,462,0,0,6.3,1,97.1,407,LOW
88.4,450.3,0,1,9.2,1,87.2,434,LOW
163.6,111.5,8,2,46.1,4,23.7,1623,HIGH
112.3,272.4,2,2,17,1,54.9,850,MEDIUM
201,157.8,2,0,24.6,1,62,790,MEDIUM
273.8,122.8,5,5,57.5,3,50.1,1463,HIGH
52.2,378.7,0,0,5.1,1,91.3,485,LOW
77.6,220.1,1,1,12.4,2,50.6,668,MEDIUM
133.5,159.5,3,2,23.2,1,77.9,846,MEDIUM
172.5,211.1,2,3,22.6,2,66.5,1014,MEDIUM
280.9,126.4,3,2,51.7,2,48.2,1242,HIGH
122.9,179.5,4,2,11.4,1,74.7,429,MEDIUM
321.9,97.4,7,6,34.3,2,31.6,1349,HIGH
311,48.3,8,2,33.4,3,54.4,1826,HIGH
123,274.4,2,1,13.1,1,90,840,MEDIUM
278.1,72.8,7,5,45.5,2,44.3,1566,HIGH
194.1,196.1,2,0,24.3,2,72.4,563,MEDIUM
203.1,207.6,3,1,17.2,2,87.4,1018,MEDIUM
102.9,385.5,1,0,5.8,1,86.5,296,LOW
288.5,161.5,3,2,30,5,39.2,1118,MEDIUM
141.1,287,1,1,15.8,2,73.9,884,LOW
272.8,115.3,6,3,47.3,3,48.9,2096,HIGH
48.9,478.7,1,0,4.5,1,90.4,261,LOW
286.5,121.3,6,2,53.4,3,54.6,1256,HIGH
415.9,72,3,3,45.3,2,26.6,901,HIGH
165,195.3,1,3,21.2,2,60,511,LOW
128.6,194.1,3,3,25.5,2,90,404,MEDIUM
154.7,137.9,1,1,7,2,65,691,MEDIUM
59.8,444.2,0,0,8.5,1,96.5,188,LOW
117.3,100,2,3,10.6,1,76.3,586,MEDIUM
115.7,243,3,0,25.3,2,54,714,MEDIUM
173.4,100,4,1,22,2,76.1,856,MEDIUM
125.2,246.6,1,1,27.3,2,72.1,751,MEDIUM
102.9,230.9,1,3,19.2,1,80.5,652,MEDIUM
188.8,159.8,1,1,18.4,2,70.7,845,MEDIUM
45.8,407,0,0,1.5,1,93.7,418,LOW
150.9,145.5,1,1,17.2,2,57.9,1089,MEDIUM
85,591.4,2,0,3.7,1,91.9,283,LOW
134.3,137.5,3,2,8.7,2,83.6,738,MEDIUM
217.8,123.8,7,2,56.5,2,12.4,1759,HIGH